freq_Hz,Re_Z_ohm,Im_Z_ohm,mag_Z_ohm,phase_deg
1.000000e+04,7.000000e-02,-1.591549e+06,1.591549e+06,-90.0000
1.035142e+04,7.000000e-02,-1.537518e+06,1.537518e+06,-90.0000
1.071519e+04,7.000000e-02,-1.485320e+06,1.485320e+06,-90.0000
1.109175e+04,7.000000e-02,-1.434895e+06,1.434895e+06,-90.0000
1.148154e+04,7.000000e-02,-1.386182e+06,1.386182e+06,-90.0000
1.188502e+04,7.000000e-02,-1.339122e+06,1.339122e+06,-90.0000
1.230269e+04,7.000000e-02,-1.293660e+06,1.293660e+06,-90.0000
1.273503e+04,7.000000e-02,-1.249741e+06,1.249741e+06,-90.0000
1.318257e+04,7.000000e-02,-1.207314e+06,1.207314e+06,-90.0000
1.364583e+04,7.000000e-02,-1.166326e+06,1.166326e+06,-90.0000
1.412538e+04,7.000000e-02,-1.126731e+06,1.126731e+06,-90.0000
1.462177e+04,7.000000e-02,-1.088479e+06,1.088479e+06,-90.0000
1.513561e+04,7.000000e-02,-1.051526e+06,1.051526e+06,-90.0000
1.566751e+04,7.000000e-02,-1.015828e+06,1.015828e+06,-90.0000
1.621810e+04,7.000000e-02,-9.813414e+05,9.813414e+05,-90.0000
1.678804e+04,7.000000e-02,-9.480257e+05,9.480257e+05,-90.0000
1.737801e+04,7.000000e-02,-9.158411e+05,9.158411e+05,-90.0000
1.798871e+04,7.000000e-02,-8.847491e+05,8.847491e+05,-90.0000
1.862087e+04,7.000000e-02,-8.547126e+05,8.547126e+05,-90.0000
1.927525e+04,7.000000e-02,-8.256959e+05,8.256959e+05,-90.0000
1.995262e+04,7.000000e-02,-7.976643e+05,7.976643e+05,-90.0000
2.065380e+04,7.000000e-02,-7.705843e+05,7.705843e+05,-90.0000
2.137962e+04,7.000000e-02,-7.444236e+05,7.444236e+05,-90.0000
2.213095e+04,7.000000e-02,-7.191511e+05,7.191511e+05,-90.0000
2.290868e+04,7.000000e-02,-6.947365e+05,6.947365e+05,-90.0000
2.371374e+04,7.000000e-02,-6.711508e+05,6.711508e+05,-90.0000
2.454709e+04,7.000000e-02,-6.483658e+05,6.483658e+05,-90.0000
2.540973e+04,7.000000e-02,-6.263544e+05,6.263544e+05,-90.0000
2.630268e+04,7.000000e-02,-6.050902e+05,6.050902e+05,-90.0000
2.722701e+04,7.000000e-02,-5.845479e+05,5.845479e+05,-90.0000
2.818383e+04,7.000000e-02,-5.647030e+05,5.647030e+05,-90.0000
2.917427e+04,7.000000e-02,-5.455319e+05,5.455319e+05,-90.0000
3.019952e+04,7.000000e-02,-5.270115e+05,5.270115e+05,-90.0000
3.126079e+04,7.000000e-02,-5.091200e+05,5.091200e+05,-90.0000
3.235937e+04,7.000000e-02,-4.918358e+05,4.918358e+05,-90.0000
3.349654e+04,7.000000e-02,-4.751384e+05,4.751384e+05,-90.0000
3.467369e+04,7.000000e-02,-4.590079e+05,4.590079e+05,-90.0000
3.589219e+04,7.000000e-02,-4.434250e+05,4.434250e+05,-90.0000
3.715352e+04,7.000000e-02,-4.283711e+05,4.283711e+05,-90.0000
3.845918e+04,7.000000e-02,-4.138282e+05,4.138282e+05,-90.0000
3.981072e+04,7.000000e-02,-3.997791e+05,3.997791e+05,-90.0000
4.120975e+04,7.000000e-02,-3.862070e+05,3.862070e+05,-90.0000
4.265795e+04,7.000000e-02,-3.730956e+05,3.730956e+05,-90.0000
4.415704e+04,7.000000e-02,-3.604293e+05,3.604293e+05,-90.0000
4.570882e+04,7.000000e-02,-3.481931e+05,3.481931e+05,-90.0000
4.731513e+04,7.000000e-02,-3.363722e+05,3.363722e+05,-90.0000
4.897788e+04,7.000000e-02,-3.249527e+05,3.249527e+05,-90.0000
5.069907e+04,7.000000e-02,-3.139208e+05,3.139208e+05,-90.0000
5.248075e+04,7.000000e-02,-3.032635e+05,3.032635e+05,-90.0000
5.432503e+04,7.000000e-02,-2.929680e+05,2.929680e+05,-90.0000
5.623413e+04,7.000000e-02,-2.830220e+05,2.830220e+05,-90.0000
5.821032e+04,7.000000e-02,-2.734136e+05,2.734136e+05,-90.0000
6.025596e+04,7.000000e-02,-2.641315e+05,2.641315e+05,-90.0000
6.237348e+04,7.000000e-02,-2.551644e+05,2.551644e+05,-90.0000
6.456542e+04,7.000000e-02,-2.465018e+05,2.465018e+05,-90.0000
6.683439e+04,7.000000e-02,-2.381333e+05,2.381333e+05,-90.0000
6.918310e+04,7.000000e-02,-2.300489e+05,2.300489e+05,-90.0000
7.161434e+04,7.000000e-02,-2.222389e+05,2.222389e+05,-90.0000
7.413102e+04,7.000000e-02,-2.146941e+05,2.146941e+05,-90.0000
7.673615e+04,7.000000e-02,-2.074054e+05,2.074054e+05,-90.0000
7.943282e+04,7.000000e-02,-2.003642e+05,2.003642e+05,-90.0000
8.222426e+04,7.000000e-02,-1.935620e+05,1.935620e+05,-90.0000
8.511380e+04,7.000000e-02,-1.869908e+05,1.869908e+05,-90.0000
8.810489e+04,7.000000e-02,-1.806426e+05,1.806426e+05,-90.0000
9.120108e+04,7.000000e-02,-1.745099e+05,1.745099e+05,-90.0000
9.440609e+04,7.000000e-02,-1.685855e+05,1.685855e+05,-90.0000
9.772372e+04,7.000000e-02,-1.628621e+05,1.628621e+05,-90.0000
1.011579e+05,7.000000e-02,-1.573331e+05,1.573331e+05,-90.0000
1.047129e+05,7.000000e-02,-1.519918e+05,1.519918e+05,-90.0000
1.083927e+05,7.000000e-02,-1.468318e+05,1.468318e+05,-90.0000
1.122018e+05,7.000000e-02,-1.418470e+05,1.418470e+05,-90.0000
1.161449e+05,7.000000e-02,-1.370314e+05,1.370314e+05,-90.0000
1.202264e+05,7.000000e-02,-1.323793e+05,1.323793e+05,-90.0000
1.244515e+05,7.000000e-02,-1.278852e+05,1.278852e+05,-90.0000
1.288250e+05,7.000000e-02,-1.235436e+05,1.235436e+05,-90.0000
1.333521e+05,7.000000e-02,-1.193494e+05,1.193494e+05,-90.0000
1.380384e+05,7.000000e-02,-1.152976e+05,1.152976e+05,-90.0000
1.428894e+05,7.000000e-02,-1.113833e+05,1.113833e+05,-90.0000
1.479108e+05,7.000000e-02,-1.076019e+05,1.076019e+05,-90.0000
1.531087e+05,7.000000e-02,-1.039490e+05,1.039490e+05,-90.0000
1.584893e+05,7.000000e-02,-1.004200e+05,1.004200e+05,-90.0000
1.640590e+05,7.000000e-02,-9.701081e+04,9.701081e+04,-90.0000
1.698244e+05,7.000000e-02,-9.371738e+04,9.371738e+04,-90.0000
1.757924e+05,7.000000e-02,-9.053576e+04,9.053576e+04,-90.0000
1.819701e+05,7.000000e-02,-8.746215e+04,8.746215e+04,-90.0000
1.883649e+05,7.000000e-02,-8.449288e+04,8.449288e+04,-90.0000
1.949845e+05,7.000000e-02,-8.162442e+04,8.162442e+04,-90.0000
2.018366e+05,7.000000e-02,-7.885335e+04,7.885335e+04,-89.9999
2.089296e+05,7.000000e-02,-7.617634e+04,7.617634e+04,-89.9999
2.162719e+05,7.000000e-02,-7.359022e+04,7.359022e+04,-89.9999
2.238721e+05,7.000000e-02,-7.109190e+04,7.109190e+04,-89.9999
2.317395e+05,7.000000e-02,-6.867839e+04,6.867839e+04,-89.9999
2.398833e+05,7.000000e-02,-6.634682e+04,6.634682e+04,-89.9999
2.483133e+05,7.000000e-02,-6.409441e+04,6.409441e+04,-89.9999
2.570396e+05,7.000000e-02,-6.191846e+04,6.191846e+04,-89.9999
2.660725e+05,7.000000e-02,-5.981638e+04,5.981638e+04,-89.9999
2.754229e+05,7.000000e-02,-5.778567e+04,5.778567e+04,-89.9999
2.851018e+05,7.000000e-02,-5.582389e+04,5.582389e+04,-89.9999
2.951209e+05,7.000000e-02,-5.392872e+04,5.392872e+04,-89.9999
3.054921e+05,7.000000e-02,-5.209789e+04,5.209789e+04,-89.9999
3.162278e+05,7.000000e-02,-5.032921e+04,5.032921e+04,-89.9999
3.273407e+05,7.000000e-02,-4.862058e+04,4.862058e+04,-89.9999
3.388442e+05,7.000000e-02,-4.696995e+04,4.696995e+04,-89.9999
3.507519e+05,7.000000e-02,-4.537536e+04,4.537536e+04,-89.9999
3.630781e+05,7.000000e-02,-4.383491e+04,4.383491e+04,-89.9999
3.758374e+05,7.000000e-02,-4.234675e+04,4.234675e+04,-89.9999
3.890451e+05,7.000000e-02,-4.090912e+04,4.090912e+04,-89.9999
4.027170e+05,7.000000e-02,-3.952029e+04,3.952029e+04,-89.9999
4.168694e+05,7.000000e-02,-3.817861e+04,3.817861e+04,-89.9999
4.315191e+05,7.000000e-02,-3.688248e+04,3.688248e+04,-89.9999
4.466836e+05,7.000000e-02,-3.563035e+04,3.563035e+04,-89.9999
4.623810e+05,7.000000e-02,-3.442073e+04,3.442073e+04,-89.9999
4.786301e+05,7.000000e-02,-3.325218e+04,3.325218e+04,-89.9999
4.954502e+05,7.000000e-02,-3.212330e+04,3.212330e+04,-89.9999
5.128614e+05,7.000000e-02,-3.103274e+04,3.103274e+04,-89.9999
5.308844e+05,7.000000e-02,-2.997920e+04,2.997920e+04,-89.9999
5.495409e+05,7.000000e-02,-2.896144e+04,2.896144e+04,-89.9999
5.688529e+05,7.000000e-02,-2.797822e+04,2.797822e+04,-89.9999
5.888437e+05,7.000000e-02,-2.702839e+04,2.702839e+04,-89.9999
6.095369e+05,7.000000e-02,-2.611080e+04,2.611080e+04,-89.9998
6.309573e+05,7.000000e-02,-2.522436e+04,2.522436e+04,-89.9998
6.531306e+05,7.000000e-02,-2.436801e+04,2.436801e+04,-89.9998
6.760830e+05,7.000000e-02,-2.354074e+04,2.354074e+04,-89.9998
6.998420e+05,7.000000e-02,-2.274155e+04,2.274155e+04,-89.9998
7.244360e+05,7.000000e-02,-2.196950e+04,2.196950e+04,-89.9998
7.498942e+05,7.000000e-02,-2.122365e+04,2.122365e+04,-89.9998
7.762471e+05,7.000000e-02,-2.050313e+04,2.050313e+04,-89.9998
8.035261e+05,7.000000e-02,-1.980706e+04,1.980706e+04,-89.9998
8.317638e+05,7.000000e-02,-1.913463e+04,1.913463e+04,-89.9998
8.609938e+05,7.000000e-02,-1.848503e+04,1.848503e+04,-89.9998
8.912509e+05,7.000000e-02,-1.785748e+04,1.785748e+04,-89.9998
9.225714e+05,7.000000e-02,-1.725123e+04,1.725123e+04,-89.9998
9.549926e+05,7.000000e-02,-1.666557e+04,1.666557e+04,-89.9998
9.885531e+05,7.000000e-02,-1.609978e+04,1.609978e+04,-89.9998
1.023293e+06,7.000000e-02,-1.555321e+04,1.555321e+04,-89.9997
1.059254e+06,7.000000e-02,-1.502519e+04,1.502519e+04,-89.9997
1.096478e+06,7.000000e-02,-1.451510e+04,1.451510e+04,-89.9997
1.135011e+06,7.000000e-02,-1.402233e+04,1.402233e+04,-89.9997
1.174898e+06,7.000000e-02,-1.354628e+04,1.354628e+04,-89.9997
1.216186e+06,7.000000e-02,-1.308639e+04,1.308639e+04,-89.9997
1.258925e+06,7.000000e-02,-1.264212e+04,1.264212e+04,-89.9997
1.303167e+06,7.000000e-02,-1.221293e+04,1.221293e+04,-89.9997
1.348963e+06,7.000000e-02,-1.179832e+04,1.179832e+04,-89.9997
1.396368e+06,7.000000e-02,-1.139777e+04,1.139777e+04,-89.9996
1.445440e+06,7.000000e-02,-1.101083e+04,1.101083e+04,-89.9996
1.496236e+06,7.000000e-02,-1.063702e+04,1.063702e+04,-89.9996
1.548817e+06,7.000000e-02,-1.027590e+04,1.027590e+04,-89.9996
1.603245e+06,7.000000e-02,-9.927044e+03,9.927044e+03,-89.9996
1.659587e+06,7.000000e-02,-9.590029e+03,9.590029e+03,-89.9996
1.717908e+06,7.000000e-02,-9.264456e+03,9.264456e+03,-89.9996
1.778279e+06,7.000000e-02,-8.949935e+03,8.949935e+03,-89.9996
1.840772e+06,7.000000e-02,-8.646092e+03,8.646092e+03,-89.9995
1.905461e+06,7.000000e-02,-8.352565e+03,8.352565e+03,-89.9995
1.972423e+06,7.000000e-02,-8.069002e+03,8.069002e+03,-89.9995
2.041738e+06,7.000000e-02,-7.795066e+03,7.795066e+03,-89.9995
2.113489e+06,7.000000e-02,-7.530430e+03,7.530430e+03,-89.9995
2.187762e+06,7.000000e-02,-7.274778e+03,7.274778e+03,-89.9994
2.264644e+06,7.000000e-02,-7.027806e+03,7.027806e+03,-89.9994
2.344229e+06,7.000000e-02,-6.789217e+03,6.789217e+03,-89.9994
2.426610e+06,7.000000e-02,-6.558729e+03,6.558729e+03,-89.9994
2.511886e+06,7.000000e-02,-6.336065e+03,6.336065e+03,-89.9994
2.600160e+06,7.000000e-02,-6.120961e+03,6.120961e+03,-89.9993
2.691535e+06,7.000000e-02,-5.913159e+03,5.913159e+03,-89.9993
2.786121e+06,7.000000e-02,-5.712412e+03,5.712412e+03,-89.9993
2.884032e+06,7.000000e-02,-5.518480e+03,5.518480e+03,-89.9993
2.985383e+06,7.000000e-02,-5.331132e+03,5.331132e+03,-89.9992
3.090295e+06,7.000000e-02,-5.150144e+03,5.150144e+03,-89.9992
3.198895e+06,7.000000e-02,-4.975301e+03,4.975301e+03,-89.9992
3.311311e+06,7.000000e-02,-4.806393e+03,4.806393e+03,-89.9992
3.427678e+06,7.000000e-02,-4.643220e+03,4.643220e+03,-89.9991
3.548134e+06,7.000000e-02,-4.485586e+03,4.485586e+03,-89.9991
3.672823e+06,7.000000e-02,-4.333304e+03,4.333304e+03,-89.9991
3.801894e+06,7.000000e-02,-4.186191e+03,4.186191e+03,-89.9990
3.935501e+06,7.000000e-02,-4.044073e+03,4.044073e+03,-89.9990
4.073803e+06,7.000000e-02,-3.906779e+03,3.906779e+03,-89.9990
4.216965e+06,7.000000e-02,-3.774147e+03,3.774147e+03,-89.9989
4.365158e+06,7.000000e-02,-3.646017e+03,3.646017e+03,-89.9989
4.518559e+06,7.000000e-02,-3.522237e+03,3.522237e+03,-89.9989
4.677351e+06,7.000000e-02,-3.402659e+03,3.402659e+03,-89.9988
4.841724e+06,7.000000e-02,-3.287141e+03,3.287141e+03,-89.9988
5.011872e+06,7.000000e-02,-3.175545e+03,3.175545e+03,-89.9987
5.188000e+06,7.000000e-02,-3.067737e+03,3.067737e+03,-89.9987
5.370318e+06,7.000000e-02,-2.963589e+03,2.963589e+03,-89.9986
5.559043e+06,7.000000e-02,-2.862977e+03,2.862977e+03,-89.9986
5.754399e+06,7.000000e-02,-2.765780e+03,2.765780e+03,-89.9985
5.956621e+06,7.000000e-02,-2.671883e+03,2.671883e+03,-89.9985
6.165950e+06,7.000000e-02,-2.581174e+03,2.581174e+03,-89.9984
6.382635e+06,7.000000e-02,-2.493544e+03,2.493544e+03,-89.9984
6.606934e+06,7.000000e-02,-2.408889e+03,2.408889e+03,-89.9983
6.839116e+06,7.000000e-02,-2.327108e+03,2.327108e+03,-89.9983
7.079458e+06,7.000000e-02,-2.248104e+03,2.248104e+03,-89.9982
7.328245e+06,7.000000e-02,-2.171781e+03,2.171781e+03,-89.9982
7.585776e+06,7.000000e-02,-2.098050e+03,2.098050e+03,-89.9981
7.852356e+06,7.000000e-02,-2.026821e+03,2.026821e+03,-89.9980
8.128305e+06,7.000000e-02,-1.958011e+03,1.958011e+03,-89.9980
8.413951e+06,7.000000e-02,-1.891537e+03,1.891537e+03,-89.9979
8.709636e+06,7.000000e-02,-1.827319e+03,1.827319e+03,-89.9978
9.015711e+06,7.000000e-02,-1.765282e+03,1.765282e+03,-89.9977
9.332543e+06,7.000000e-02,-1.705350e+03,1.705350e+03,-89.9976
9.660509e+06,7.000000e-02,-1.647453e+03,1.647453e+03,-89.9976
1.000000e+07,7.000000e-02,-1.591522e+03,1.591522e+03,-89.9975
1.035142e+07,7.000000e-02,-1.537489e+03,1.537489e+03,-89.9974
1.071519e+07,7.000000e-02,-1.485291e+03,1.485291e+03,-89.9973
1.109175e+07,7.000000e-02,-1.434864e+03,1.434864e+03,-89.9972
1.148154e+07,7.000000e-02,-1.386150e+03,1.386150e+03,-89.9971
1.188502e+07,7.000000e-02,-1.339089e+03,1.339089e+03,-89.9970
1.230269e+07,7.000000e-02,-1.293626e+03,1.293626e+03,-89.9969
1.273503e+07,7.000000e-02,-1.249706e+03,1.249706e+03,-89.9968
1.318257e+07,7.000000e-02,-1.207277e+03,1.207277e+03,-89.9967
1.364583e+07,7.000000e-02,-1.166289e+03,1.166289e+03,-89.9966
1.412538e+07,7.000000e-02,-1.126692e+03,1.126692e+03,-89.9964
1.462177e+07,7.000000e-02,-1.088439e+03,1.088439e+03,-89.9963
1.513561e+07,7.000000e-02,-1.051484e+03,1.051484e+03,-89.9962
1.566751e+07,7.000000e-02,-1.015785e+03,1.015785e+03,-89.9961
1.621810e+07,7.000000e-02,-9.812966e+02,9.812966e+02,-89.9959
1.678804e+07,7.000000e-02,-9.479794e+02,9.479794e+02,-89.9958
1.737801e+07,7.000000e-02,-9.157931e+02,9.157931e+02,-89.9956
1.798871e+07,7.000000e-02,-8.846994e+02,8.846994e+02,-89.9955
1.862087e+07,7.000000e-02,-8.546612e+02,8.546612e+02,-89.9953
1.927525e+07,7.000000e-02,-8.256426e+02,8.256427e+02,-89.9951
1.995262e+07,7.000000e-02,-7.976091e+02,7.976091e+02,-89.9950
2.065380e+07,7.000000e-02,-7.705272e+02,7.705272e+02,-89.9948
2.137962e+07,7.000000e-02,-7.443645e+02,7.443645e+02,-89.9946
2.213095e+07,7.000000e-02,-7.190899e+02,7.190899e+02,-89.9944
2.290868e+07,7.000000e-02,-6.946732e+02,6.946732e+02,-89.9942
2.371374e+07,7.000000e-02,-6.710853e+02,6.710853e+02,-89.9940
2.454709e+07,7.000000e-02,-6.482980e+02,6.482980e+02,-89.9938
2.540973e+07,7.000000e-02,-6.262842e+02,6.262842e+02,-89.9936
2.630268e+07,7.000000e-02,-6.050175e+02,6.050175e+02,-89.9934
2.722701e+07,7.000000e-02,-5.844727e+02,5.844727e+02,-89.9931
2.818383e+07,7.000000e-02,-5.646252e+02,5.646252e+02,-89.9929
2.917427e+07,7.000000e-02,-5.454513e+02,5.454513e+02,-89.9926
3.019952e+07,7.000000e-02,-5.269281e+02,5.269281e+02,-89.9924
3.126079e+07,7.000000e-02,-5.090336e+02,5.090336e+02,-89.9921
3.235937e+07,7.000000e-02,-4.917464e+02,4.917464e+02,-89.9918
3.349654e+07,7.000000e-02,-4.750458e+02,4.750459e+02,-89.9916
3.467369e+07,7.000000e-02,-4.589121e+02,4.589121e+02,-89.9913
3.589219e+07,7.000000e-02,-4.433258e+02,4.433258e+02,-89.9910
3.715352e+07,7.000000e-02,-4.282684e+02,4.282684e+02,-89.9906
3.845918e+07,7.000000e-02,-4.137220e+02,4.137220e+02,-89.9903
3.981072e+07,7.000000e-02,-3.996691e+02,3.996691e+02,-89.9900
4.120975e+07,7.000000e-02,-3.860931e+02,3.860931e+02,-89.9896
4.265795e+07,7.000000e-02,-3.729777e+02,3.729777e+02,-89.9892
4.415704e+07,7.000000e-02,-3.603073e+02,3.603073e+02,-89.9889
4.570882e+07,7.000000e-02,-3.480668e+02,3.480668e+02,-89.9885
4.731513e+07,7.000000e-02,-3.362415e+02,3.362415e+02,-89.9881
4.897788e+07,7.000000e-02,-3.248174e+02,3.248174e+02,-89.9877
5.069907e+07,7.000000e-02,-3.137807e+02,3.137807e+02,-89.9872
5.248075e+07,7.000000e-02,-3.031185e+02,3.031185e+02,-89.9868
5.432503e+07,7.000000e-02,-2.928179e+02,2.928179e+02,-89.9863
5.623413e+07,7.000000e-02,-2.828666e+02,2.828666e+02,-89.9858
5.821032e+07,7.000000e-02,-2.732528e+02,2.732528e+02,-89.9853
6.025596e+07,7.000000e-02,-2.639650e+02,2.639650e+02,-89.9848
6.237348e+07,7.000000e-02,-2.549921e+02,2.549921e+02,-89.9843
6.456542e+07,7.000000e-02,-2.463234e+02,2.463234e+02,-89.9837
6.683439e+07,7.000000e-02,-2.379486e+02,2.379486e+02,-89.9831
6.918310e+07,7.000000e-02,-2.298577e+02,2.298577e+02,-89.9826
7.161434e+07,7.000000e-02,-2.220410e+02,2.220411e+02,-89.9819
7.413102e+07,7.000000e-02,-2.144893e+02,2.144893e+02,-89.9813
7.673615e+07,7.000000e-02,-2.071934e+02,2.071934e+02,-89.9806
7.943282e+07,7.000000e-02,-2.001447e+02,2.001447e+02,-89.9800
8.222426e+07,7.000000e-02,-1.933348e+02,1.933348e+02,-89.9793
8.511380e+07,7.000000e-02,-1.867556e+02,1.867556e+02,-89.9785
8.810489e+07,7.000000e-02,-1.803991e+02,1.803992e+02,-89.9778
9.120108e+07,7.000000e-02,-1.742579e+02,1.742579e+02,-89.9770
9.440609e+07,7.000000e-02,-1.683246e+02,1.683246e+02,-89.9762
9.772372e+07,7.000000e-02,-1.625921e+02,1.625921e+02,-89.9753
1.011579e+08,7.000000e-02,-1.570536e+02,1.570536e+02,-89.9745
1.047129e+08,7.000000e-02,-1.517025e+02,1.517025e+02,-89.9736
1.083927e+08,7.000000e-02,-1.465323e+02,1.465323e+02,-89.9726
1.122018e+08,7.000000e-02,-1.415370e+02,1.415370e+02,-89.9717
1.161449e+08,7.000000e-02,-1.367105e+02,1.367105e+02,-89.9707
1.202264e+08,7.000000e-02,-1.320471e+02,1.320471e+02,-89.9696
1.244515e+08,7.000000e-02,-1.275413e+02,1.275413e+02,-89.9686
1.288250e+08,7.000000e-02,-1.231876e+02,1.231876e+02,-89.9674
1.333521e+08,7.000000e-02,-1.189809e+02,1.189809e+02,-89.9663
1.380384e+08,7.000000e-02,-1.149161e+02,1.149162e+02,-89.9651
1.428894e+08,7.000000e-02,-1.109885e+02,1.109885e+02,-89.9639
1.479108e+08,7.000000e-02,-1.071933e+02,1.071933e+02,-89.9626
1.531087e+08,7.000000e-02,-1.035259e+02,1.035259e+02,-89.9613
1.584893e+08,7.000000e-02,-9.998206e+01,9.998208e+01,-89.9599
1.640590e+08,7.000000e-02,-9.655750e+01,9.655752e+01,-89.9585
1.698244e+08,7.000000e-02,-9.324814e+01,9.324816e+01,-89.9570
1.757924e+08,7.000000e-02,-9.005002e+01,9.005005e+01,-89.9555
1.819701e+08,7.000000e-02,-8.695934e+01,8.695937e+01,-89.9539
1.883649e+08,7.000000e-02,-8.397241e+01,8.397244e+01,-89.9522
1.949845e+08,7.000000e-02,-8.108566e+01,8.108569e+01,-89.9505
2.018366e+08,7.000000e-02,-7.829565e+01,7.829568e+01,-89.9488
2.089296e+08,7.000000e-02,-7.559905e+01,7.559908e+01,-89.9469
2.162719e+08,7.000000e-02,-7.299264e+01,7.299268e+01,-89.9451
2.238721e+08,7.000000e-02,-7.047332e+01,7.047335e+01,-89.9431
2.317395e+08,7.000000e-02,-6.803807e+01,6.803811e+01,-89.9411
2.398833e+08,7.000000e-02,-6.568400e+01,6.568404e+01,-89.9389
2.400000e+08,7.000000e-02,-6.565141e+01,6.565145e+01,-89.9389
2.476412e+08,7.000000e-02,-6.358410e+01,6.358414e+01,-89.9369
2.483133e+08,7.000000e-02,-6.340829e+01,6.340833e+01,-89.9367
2.555257e+08,7.000000e-02,-6.157925e+01,6.157929e+01,-89.9349
2.570396e+08,7.000000e-02,-6.120823e+01,6.120827e+01,-89.9345
2.636612e+08,7.000000e-02,-5.963490e+01,5.963494e+01,-89.9327
2.660725e+08,7.000000e-02,-5.908119e+01,5.908124e+01,-89.9321
2.720558e+08,7.000000e-02,-5.774914e+01,5.774918e+01,-89.9305
2.754229e+08,7.000000e-02,-5.702464e+01,5.702469e+01,-89.9297
2.807176e+08,7.000000e-02,-5.592010e+01,5.592015e+01,-89.9283
2.851018e+08,7.000000e-02,-5.503613e+01,5.503617e+01,-89.9271
2.896552e+08,7.000000e-02,-5.414600e+01,5.414605e+01,-89.9259
2.951209e+08,7.000000e-02,-5.311327e+01,5.311332e+01,-89.9245
2.988773e+08,7.000000e-02,-5.242510e+01,5.242515e+01,-89.9235
3.054921e+08,7.000000e-02,-5.125378e+01,5.125383e+01,-89.9217
3.083931e+08,7.000000e-02,-5.075570e+01,5.075575e+01,-89.9210
3.162278e+08,7.000000e-02,-4.945544e+01,4.945549e+01,-89.9189
3.182118e+08,7.000000e-02,-4.913616e+01,4.913621e+01,-89.9184
3.273407e+08,7.000000e-02,-4.771610e+01,4.771615e+01,-89.9159
3.283431e+08,7.000000e-02,-4.756489e+01,4.756494e+01,-89.9157
3.387970e+08,7.000000e-02,-4.604035e+01,4.604041e+01,-89.9129
3.388442e+08,7.000000e-02,-4.603369e+01,4.603374e+01,-89.9129
3.495838e+08,7.000000e-02,-4.456104e+01,4.456110e+01,-89.9100
3.507519e+08,7.000000e-02,-4.440620e+01,4.440626e+01,-89.9097
3.607140e+08,7.000000e-02,-4.312551e+01,4.312557e+01,-89.9070
3.630781e+08,7.000000e-02,-4.283169e+01,4.283175e+01,-89.9064
3.721985e+08,7.000000e-02,-4.173234e+01,4.173240e+01,-89.9039
3.758374e+08,7.000000e-02,-4.130828e+01,4.130834e+01,-89.9029
3.840487e+08,7.000000e-02,-4.038018e+01,4.038024e+01,-89.9007
3.890451e+08,7.000000e-02,-3.983415e+01,3.983421e+01,-89.8993
3.962762e+08,7.000000e-02,-3.906768e+01,3.906774e+01,-89.8973
4.027170e+08,7.000000e-02,-3.840754e+01,3.840760e+01,-89.8956
4.088930e+08,7.000000e-02,-3.779356e+01,3.779363e+01,-89.8939
4.168694e+08,7.000000e-02,-3.702676e+01,3.702682e+01,-89.8917
4.219114e+08,7.000000e-02,-3.655657e+01,3.655664e+01,-89.8903
4.315191e+08,7.000000e-02,-3.569015e+01,3.569022e+01,-89.8876
4.353444e+08,7.000000e-02,-3.535549e+01,3.535556e+01,-89.8866
4.466836e+08,7.000000e-02,-3.439612e+01,3.439619e+01,-89.8834
4.492051e+08,7.000000e-02,-3.418915e+01,3.418922e+01,-89.8827
4.623810e+08,7.000000e-02,-3.314313e+01,3.314320e+01,-89.8790
4.635070e+08,7.000000e-02,-3.305640e+01,3.305647e+01,-89.8787
4.782643e+08,7.000000e-02,-3.195612e+01,3.195619e+01,-89.8745
4.786301e+08,7.000000e-02,-3.192967e+01,3.192975e+01,-89.8744
4.934915e+08,7.000000e-02,-3.088723e+01,3.088731e+01,-89.8702
4.954502e+08,7.000000e-02,-3.075432e+01,3.075440e+01,-89.8696
5.092034e+08,7.000000e-02,-2.984869e+01,2.984877e+01,-89.8656
5.128614e+08,7.000000e-02,-2.961565e+01,2.961573e+01,-89.8646
5.254156e+08,7.000000e-02,-2.883947e+01,2.883955e+01,-89.8609
5.308844e+08,7.000000e-02,-2.851232e+01,2.851240e+01,-89.8593
5.421440e+08,7.000000e-02,-2.785858e+01,2.785867e+01,-89.8560
5.495409e+08,7.000000e-02,-2.744300e+01,2.744309e+01,-89.8539
5.594050e+08,7.000000e-02,-2.690506e+01,2.690515e+01,-89.8509
5.688529e+08,7.000000e-02,-2.640642e+01,2.640651e+01,-89.8481
5.772155e+08,7.000000e-02,-2.597797e+01,2.597807e+01,-89.8456
5.888437e+08,7.000000e-02,-2.540135e+01,2.540145e+01,-89.8421
5.955931e+08,7.000000e-02,-2.507640e+01,2.507650e+01,-89.8401
6.095369e+08,7.000000e-02,-2.442658e+01,2.442668e+01,-89.8358
6.145558e+08,7.000000e-02,-2.419947e+01,2.419957e+01,-89.8343
6.309573e+08,7.000000e-02,-2.348096e+01,2.348106e+01,-89.8292
6.341223e+08,7.000000e-02,-2.334631e+01,2.334642e+01,-89.8282
6.531306e+08,7.000000e-02,-2.256334e+01,2.256345e+01,-89.8222
6.543117e+08,7.000000e-02,-2.251609e+01,2.251620e+01,-89.8219
6.751439e+08,7.000000e-02,-2.170799e+01,2.170810e+01,-89.8152
6.760830e+08,7.000000e-02,-2.167265e+01,2.167276e+01,-89.8149
6.966394e+08,7.000000e-02,-2.092121e+01,2.092133e+01,-89.8083
6.998420e+08,7.000000e-02,-2.080782e+01,2.080793e+01,-89.8073
7.188193e+08,7.000000e-02,-2.015499e+01,2.015511e+01,-89.8010
7.244360e+08,7.000000e-02,-1.996780e+01,1.996793e+01,-89.7991
7.417053e+08,7.000000e-02,-1.940857e+01,1.940869e+01,-89.7934
7.498942e+08,7.000000e-02,-1.915162e+01,1.915174e+01,-89.7906
7.653200e+08,7.000000e-02,-1.868121e+01,1.868134e+01,-89.7853
7.762471e+08,7.000000e-02,-1.835827e+01,1.835841e+01,-89.7815
7.896865e+08,7.000000e-02,-1.797221e+01,1.797234e+01,-89.7768
8.035261e+08,7.000000e-02,-1.758684e+01,1.758698e+01,-89.7719
8.148288e+08,7.000000e-02,-1.728086e+01,1.728100e+01,-89.7679
8.317638e+08,7.000000e-02,-1.683638e+01,1.683653e+01,-89.7618
8.407716e+08,7.000000e-02,-1.660649e+01,1.660663e+01,-89.7585
8.609938e+08,7.000000e-02,-1.610601e+01,1.610616e+01,-89.7510
8.675404e+08,7.000000e-02,-1.594843e+01,1.594858e+01,-89.7485
8.912509e+08,7.000000e-02,-1.539486e+01,1.539502e+01,-89.7395
8.951615e+08,7.000000e-02,-1.530604e+01,1.530620e+01,-89.7380
9.225714e+08,7.000000e-02,-1.470207e+01,1.470224e+01,-89.7272
9.236620e+08,7.000000e-02,-1.467869e+01,1.467885e+01,-89.7268
9.530699e+08,7.000000e-02,-1.406576e+01,1.406593e+01,-89.7149
9.549926e+08,7.000000e-02,-1.402682e+01,1.402700e+01,-89.7141
9.834140e+08,7.000000e-02,-1.346664e+01,1.346682e+01,-89.7022
9.885531e+08,7.000000e-02,-1.336831e+01,1.336849e+01,-89.7000
1.014724e+09,7.000000e-02,-1.288076e+01,1.288095e+01,-89.6886
1.023293e+09,7.000000e-02,-1.272575e+01,1.272594e+01,-89.6848
1.047031e+09,7.000000e-02,-1.230753e+01,1.230773e+01,-89.6741
1.059254e+09,7.000000e-02,-1.209836e+01,1.209857e+01,-89.6685
1.080367e+09,7.000000e-02,-1.174639e+01,1.174660e+01,-89.6586
1.096478e+09,7.000000e-02,-1.148542e+01,1.148563e+01,-89.6508
1.114764e+09,7.000000e-02,-1.119679e+01,1.119701e+01,-89.6418
1.135011e+09,7.000000e-02,-1.088617e+01,1.088640e+01,-89.6316
1.150257e+09,7.000000e-02,-1.065819e+01,1.065842e+01,-89.6237
1.174898e+09,7.000000e-02,-1.029992e+01,1.030015e+01,-89.6106
1.186879e+09,7.000000e-02,-1.013006e+01,1.013030e+01,-89.6041
1.216186e+09,7.000000e-02,-9.725947e+00,9.726198e+00,-89.5876
1.224667e+09,7.000000e-02,-9.611884e+00,9.612139e+00,-89.5827
1.258925e+09,7.000000e-02,-9.163581e+00,9.163849e+00,-89.5623
1.263659e+09,7.000000e-02,-9.103150e+00,9.103419e+00,-89.5594
1.303167e+09,7.000000e-02,-8.612149e+00,8.612433e+00,-89.5343
1.303891e+09,7.000000e-02,-8.603359e+00,8.603643e+00,-89.5338
1.345405e+09,7.000000e-02,-8.112019e+00,8.112321e+00,-89.5056
1.348963e+09,7.000000e-02,-8.070991e+00,8.071294e+00,-89.5031
1.388241e+09,7.000000e-02,-7.628649e+00,7.628970e+00,-89.4743
1.396368e+09,7.000000e-02,-7.539462e+00,7.539787e+00,-89.4681
1.432440e+09,7.000000e-02,-7.152773e+00,7.153116e+00,-89.4393
1.445440e+09,7.000000e-02,-7.016928e+00,7.017277e+00,-89.4284
1.478047e+09,7.000000e-02,-6.683925e+00,6.684291e+00,-89.4000
1.496236e+09,7.000000e-02,-6.502765e+00,6.503142e+00,-89.3833
1.525105e+09,7.000000e-02,-6.221642e+00,6.222036e+00,-89.3554
1.548817e+09,7.000000e-02,-5.996361e+00,5.996769e+00,-89.3312
1.573662e+09,7.000000e-02,-5.765472e+00,5.765897e+00,-89.3044
1.603245e+09,7.000000e-02,-5.497110e+00,5.497556e+00,-89.2704
1.623765e+09,7.000000e-02,-5.314965e+00,5.315426e+00,-89.2454
1.659587e+09,7.000000e-02,-5.004418e+00,5.004908e+00,-89.1986
1.675463e+09,7.000000e-02,-4.869680e+00,4.870184e+00,-89.1764
1.717908e+09,7.000000e-02,-4.517696e+00,4.518239e+00,-89.1123
1.728807e+09,7.000000e-02,-4.429179e+00,4.429733e+00,-89.0946
1.778279e+09,7.000000e-02,-4.036364e+00,4.036971e+00,-89.0065
1.783849e+09,7.000000e-02,-3.993030e+00,3.993643e+00,-88.9957
1.840644e+09,7.000000e-02,-3.560803e+00,3.561491e+00,-88.8738
1.840772e+09,7.000000e-02,-3.559848e+00,3.560536e+00,-88.8735
1.899247e+09,7.000000e-02,-3.132074e+00,3.132856e+00,-88.7197
1.905461e+09,7.000000e-02,-3.087579e+00,3.088372e+00,-88.7012
1.959716e+09,7.000000e-02,-2.706422e+00,2.707327e+00,-88.5184
1.972423e+09,7.000000e-02,-2.618993e+00,2.619929e+00,-88.4690
2.022110e+09,7.000000e-02,-2.283429e+00,2.284502e+00,-88.2441
2.041738e+09,7.000000e-02,-2.153532e+00,2.154670e+00,-88.1383
2.086491e+09,7.000000e-02,-1.862680e+00,1.863994e+00,-87.8478
2.113489e+09,7.000000e-02,-1.690641e+00,1.692089e+00,-87.6291
2.152921e+09,7.000000e-02,-1.443760e+00,1.445456e+00,-87.2242
2.187762e+09,7.000000e-02,-1.229766e+00,1.231756e+00,-86.7422
2.221467e+09,7.000000e-02,-1.026258e+00,1.028643e+00,-86.0980
2.264644e+09,7.000000e-02,-7.703582e-01,7.735320e-01,-84.8080
2.292195e+09,7.000000e-02,-6.097649e-01,6.137697e-01,-83.4512
2.344229e+09,7.000000e-02,-3.118697e-01,3.196290e-01,-77.3495
2.365174e+09,7.000000e-02,-1.938706e-01,2.061209e-01,-70.1471
2.426610e+09,7.000000e-02,1.462468e-01,1.621361e-01,64.4222
2.440478e+09,7.000000e-02,2.218332e-01,2.326155e-01,72.4868
2.511886e+09,7.000000e-02,6.045377e-01,6.085769e-01,83.3951
2.518178e+09,7.000000e-02,6.377550e-01,6.415851e-01,83.7363
2.598353e+09,7.000000e-02,1.054303e+00,1.056625e+00,86.2014
2.600160e+09,7.000000e-02,1.063550e+00,1.065851e+00,86.2344
2.681080e+09,7.000000e-02,1.471887e+00,1.473551e+00,87.2772
2.691535e+09,7.000000e-02,1.523831e+00,1.525438e+00,87.3699
2.766442e+09,7.000000e-02,1.890917e+00,1.892213e+00,87.8799
2.786121e+09,7.000000e-02,1.985930e+00,1.987163e+00,87.9813
2.854521e+09,7.000000e-02,2.311805e+00,2.312864e+00,88.2656
2.884032e+09,7.000000e-02,2.450398e+00,2.451398e+00,88.3637
2.945404e+09,7.000000e-02,2.734964e+00,2.735859e+00,88.5339
2.985383e+09,7.000000e-02,2.917790e+00,2.918630e+00,88.6257
3.039181e+09,7.000000e-02,3.160809e+00,3.161584e+00,88.7313
3.090295e+09,7.000000e-02,3.388663e+00,3.389386e+00,88.8166
3.135943e+09,7.000000e-02,3.589760e+00,3.590443e+00,88.8829
3.198895e+09,7.000000e-02,3.863579e+00,3.864213e+00,88.9620
3.235787e+09,7.000000e-02,4.022238e+00,4.022847e+00,89.0030
3.311311e+09,7.000000e-02,4.343104e+00,4.343668e+00,89.0766
3.338809e+09,7.000000e-02,4.458666e+00,4.459216e+00,89.1005
3.427678e+09,7.000000e-02,4.827810e+00,4.828318e+00,89.1693
3.445111e+09,7.000000e-02,4.899475e+00,4.899976e+00,89.1815
3.548134e+09,7.000000e-02,5.318277e+00,5.318737e+00,89.2459
3.554798e+09,7.000000e-02,5.345098e+00,5.345556e+00,89.2497
3.667977e+09,7.000000e-02,5.795971e+00,5.796394e+00,89.3081
3.672823e+09,7.000000e-02,5.815088e+00,5.815509e+00,89.3103
3.784759e+09,7.000000e-02,6.252539e+00,6.252930e+00,89.3586
3.801894e+09,7.000000e-02,6.318837e+00,6.319225e+00,89.3653
3.905259e+09,7.000000e-02,6.715248e+00,6.715613e+00,89.4028
3.935501e+09,7.000000e-02,6.830125e+00,6.830483e+00,89.4128
4.029597e+09,7.000000e-02,7.184555e+00,7.184896e+00,89.4418
4.073803e+09,7.000000e-02,7.349561e+00,7.349894e+00,89.4543
4.157892e+09,7.000000e-02,7.660920e+00,7.661240e+00,89.4765
4.216965e+09,7.000000e-02,7.877766e+00,7.878077e+00,89.4909
4.290273e+09,7.000000e-02,8.144812e+00,8.145112e+00,89.5076
4.365158e+09,7.000000e-02,8.415369e+00,8.415660e+00,89.5234
4.426868e+09,7.000000e-02,8.636704e+00,8.636988e+00,89.5356
4.518559e+09,7.000000e-02,8.963012e+00,8.963285e+00,89.5525
4.567812e+09,7.000000e-02,9.137082e+00,9.137350e+00,89.5611
4.677351e+09,7.000000e-02,9.521348e+00,9.521606e+00,89.5788
4.713244e+09,7.000000e-02,9.646435e+00,9.646689e+00,89.5842
4.841724e+09,7.000000e-02,1.009104e+01,1.009129e+01,89.6026
4.863306e+09,7.000000e-02,1.016527e+01,1.016551e+01,89.6055
5.011872e+09,7.000000e-02,1.067278e+01,1.067301e+01,89.6242
5.018146e+09,7.000000e-02,1.069408e+01,1.069431e+01,89.6250
5.177915e+09,7.000000e-02,1.123341e+01,1.123362e+01,89.6430
5.188000e+09,7.000000e-02,1.126725e+01,1.126746e+01,89.6440
5.342771e+09,7.000000e-02,1.178376e+01,1.178397e+01,89.6596
5.370318e+09,7.000000e-02,1.187516e+01,1.187536e+01,89.6623
5.512877e+09,7.000000e-02,1.234570e+01,1.234590e+01,89.6751
5.559043e+09,7.000000e-02,1.249724e+01,1.249743e+01,89.6791
5.688397e+09,7.000000e-02,1.291976e+01,1.291995e+01,89.6896
5.754399e+09,7.000000e-02,1.313422e+01,1.313441e+01,89.6946
5.869507e+09,7.000000e-02,1.350652e+01,1.350670e+01,89.7031
5.956621e+09,7.000000e-02,1.378688e+01,1.378706e+01,89.7091
6.056382e+09,7.000000e-02,1.410654e+01,1.410672e+01,89.7157
6.165950e+09,7.000000e-02,1.445599e+01,1.445616e+01,89.7226
6.249208e+09,7.000000e-02,1.472042e+01,1.472059e+01,89.7275
6.382635e+09,7.000000e-02,1.514234e+01,1.514250e+01,89.7351
6.448172e+09,7.000000e-02,1.534877e+01,1.534893e+01,89.7387
6.606934e+09,7.000000e-02,1.584676e+01,1.584691e+01,89.7469
6.653471e+09,7.000000e-02,1.599219e+01,1.599235e+01,89.7492
6.839116e+09,7.000000e-02,1.657008e+01,1.657023e+01,89.7580
6.865307e+09,7.000000e-02,1.665133e+01,1.665147e+01,89.7591
7.079458e+09,7.000000e-02,1.731317e+01,1.731332e+01,89.7683
7.083887e+09,7.000000e-02,1.732682e+01,1.732696e+01,89.7685
7.309426e+09,7.000000e-02,1.801933e+01,1.801947e+01,89.7774
7.328245e+09,7.000000e-02,1.807692e+01,1.807706e+01,89.7781
7.542147e+09,7.000000e-02,1.872955e+01,1.872968e+01,89.7859
7.585776e+09,7.000000e-02,1.886224e+01,1.886237e+01,89.7874
7.782276e+09,7.000000e-02,1.945816e+01,1.945829e+01,89.7939
7.852356e+09,7.000000e-02,1.967005e+01,1.967018e+01,89.7961
8.030051e+09,7.000000e-02,2.020590e+01,2.020602e+01,89.8015
8.128305e+09,7.000000e-02,2.050134e+01,2.050146e+01,89.8044
8.285715e+09,7.000000e-02,2.097348e+01,2.097359e+01,89.8088
8.413951e+09,7.000000e-02,2.135709e+01,2.135720e+01,89.8122
8.549518e+09,7.000000e-02,2.176166e+01,2.176178e+01,89.8157
8.709636e+09,7.000000e-02,2.223831e+01,2.223842e+01,89.8196
8.821721e+09,7.000000e-02,2.257123e+01,2.257134e+01,89.8223
9.015711e+09,7.000000e-02,2.314607e+01,2.314617e+01,89.8267
9.102590e+09,7.000000e-02,2.340297e+01,2.340307e+01,89.8286
9.332543e+09,7.000000e-02,2.408144e+01,2.408154e+01,89.8335
9.392402e+09,7.000000e-02,2.425770e+01,2.425780e+01,89.8347
9.660509e+09,7.000000e-02,2.504554e+01,2.504563e+01,89.8399
9.691440e+09,7.000000e-02,2.513626e+01,2.513636e+01,89.8404
1.000000e+10,7.000000e-02,2.603952e+01,2.603961e+01,89.8460
